MUSE,Valid
Biking,Biking
R-Skiing,R-Skiing
Running,Running
Biking,Biking
R-Skiing,R-Skiing
Skiing,Skiing
Running,Running
Running,Running
Skiing,Skiing
R-Skiing,R-Skiing
Biking,Biking
R-Skiing,R-Skiing
Walking,Walking
R-Skiing,R-Skiing
Skiing,Skiing
Biking,Biking
Skiing,Skiing
Biking,Biking
Biking,Biking
Skiing,Skiing
Skiing,R-Skiing
Running,Running
Running,Running
Skiing,Skiing
Biking,Biking
Skiing,Skiing
Walking,Walking
R-Skiing,R-Skiing
R-Skiing,R-Skiing
Biking,Biking
R-Skiing,R-Skiing
Running,Running
Biking,Biking
Skiing,Skiing
Running,Running
Running,Running
Walking,Running
Biking,Biking
R-Skiing,R-Skiing
Biking,Biking
Biking,Biking
Biking,Biking
Running,Running
Walking,Walking
Skiing,Skiing
Biking,Biking
Biking,Biking
Skiing,Skiing
Running,Walking
R-Skiing,R-Skiing
Running,Running
Running,Running
Skiing,R-Skiing
Running,Running
Biking,Biking
Walking,Walking
Biking,Biking
Running,Running
R-Skiing,R-Skiing
R-Skiing,R-Skiing
Biking,Biking
Biking,Biking
R-Skiing,R-Skiing
Skiing,Skiing
Running,Running
Running,Running
Running,Running
Running,Running
Running,Walking
Skiing,Skiing
R-Skiing,R-Skiing
Skiing,Skiing
Running,Walking
Skiing,Skiing
Running,Running
Running,Running
R-Skiing,R-Skiing
Skiing,Skiing
R-Skiing,R-Skiing
Running,Running
Running,Running
Biking,Biking
Skiing,Skiing
Running,Running
Biking,Biking
Skiing,Skiing
Skiing,Skiing
Skiing,Skiing
Biking,Biking
Running,Running
Skiing,Skiing
Biking,Biking
Running,Running
R-Skiing,R-Skiing
Running,Running
R-Skiing,R-Skiing
Skiing,R-Skiing
Running,Running
Biking,Biking
R-Skiing,R-Skiing
Running,Running
Running,Running
Running,Running
Running,Running
Skiing,Skiing
Skiing,Skiing
Biking,Biking
R-Skiing,R-Skiing
Running,Running
R-Skiing,Skiing
Running,Running
Running,Running
Biking,Skiing
Biking,Biking
Running,Running
Skiing,Skiing
Running,Running
R-Skiing,R-Skiing
Walking,Walking
R-Skiing,R-Skiing
Biking,Biking
Running,Running
R-Skiing,R-Skiing
Biking,Biking
Skiing,Skiing
Running,Running
Running,Running
Running,Running
R-Skiing,R-Skiing
Skiing,Skiing
Running,Running
Biking,Biking
Skiing,Skiing
Biking,Biking
Running,Running
Skiing,Skiing
Running,Running
Biking,Biking
R-Skiing,R-Skiing
Running,Running
Skiing,Skiing
Running,Running
R-Skiing,Skiing
Biking,Biking
R-Skiing,R-Skiing
Running,Running
Skiing,Skiing
Biking,Biking
Biking,Biking
R-Skiing,R-Skiing
Running,Running
Running,Running
Running,Running
Running,Running
Skiing,Skiing
Skiing,Skiing
Running,Running
Running,Running
Running,Running
Biking,Biking
Running,Running
Biking,Biking
Skiing,Skiing
R-Skiing,R-Skiing
Skiing,Skiing
Running,Running
R-Skiing,R-Skiing
Walking,Running
Running,Running
Running,Running
Skiing,R-Skiing
R-Skiing,R-Skiing
R-Skiing,R-Skiing
Biking,Biking
Running,Running
Running,Running
Biking,Walking
R-Skiing,R-Skiing
Running,Running
Skiing,Skiing
Biking,Biking
Biking,Biking
Running,Running
Skiing,Skiing
Running,Running
Skiing,Skiing
Walking,Walking
R-Skiing,R-Skiing
Skiing,Skiing
Running,Running
Skiing,Skiing
Running,Running
Skiing,Skiing
Running,Running
Skiing,Skiing
Biking,Biking
Running,Running
Biking,Biking
Biking,Biking
Skiing,Skiing
Biking,Biking
Running,Running
Running,Running
R-Skiing,R-Skiing
Biking,Biking
Running,Running
R-Skiing,R-Skiing
Running,Running
Biking,Biking
Walking,Walking
Running,Running
Biking,Biking
R-Skiing,Walking
R-Skiing,R-Skiing
R-Skiing,Skiing
Skiing,Skiing
Running,Running
Biking,Biking
Skiing,Skiing
Skiing,Skiing
Running,Running
R-Skiing,R-Skiing
Biking,Biking
Biking,Biking
Skiing,Skiing
R-Skiing,R-Skiing
R-Skiing,R-Skiing
Skiing,R-Skiing
